Market,Volume,date
American Football,657700968,2025-09-22
American Football,638176950,2025-09-29
American Football,633807745,2025-10-13
American Football,620422947,2025-11-03
American Football,607922483,2025-11-10
American Football,572345151,2025-10-27
American Football,567037229,2025-10-06
American Football,546264175,2025-10-20
American Football,532113874,2025-09-15
American Football,402143238,2025-09-08
Basketball,364845831,2025-11-10
American Football,344285708,2025-09-01
Basketball,337438254,2025-11-17
American Football,329566559,2025-11-17
Basketball,315683605,2025-11-03
Basketball,275541841,2025-10-27
Basketball,248567645,2025-10-20
Basketball,232140793,2025-11-24
Basketball,200693311,2025-03-17
MLB,177147431,2025-10-06
Basketball,174662006,2025-03-24
American Football,145487137,2025-08-25
MLB,143172303,2025-09-29
MLB,133810142,2025-10-27
Tennis,131222788,2025-09-01
Basketball,124528703,2025-06-16
Tennis,120616062,2025-07-07
MLB,97146971,2025-10-13
Basketball,96777654,2025-03-31
Basketball,95527582,2025-05-19
Basketball,89950168,2025-05-26
Golf,86098385,2025-04-07
Basketball,74939562,2025-06-09
Tennis,70413914,2025-06-09
Tennis,70294832,2025-10-27
Basketball,69948054,2025-05-12
Tennis,64533660,2025-11-03
Tennis,64296076,2025-08-25
Basketball,62621906,2025-05-05
Basketball,58441722,2025-06-02
Tennis,54426192,2025-10-13
American Football,53882353,2025-11-24
Basketball,53039490,2025-04-28
Tennis,50062108,2025-11-10
Hockey,49840595,2025-10-13
MLB,48975567,2025-10-20
Tennis,48711062,2025-10-20
Golf,47422735,2025-08-04
Tennis,45736450,2025-06-02
Golf,45075629,2025-07-14
Golf,43192154,2025-09-22
Football,42478362,2025-09-15
Hockey,41705533,2025-11-10
MLB,39525329,2025-09-15
Golf,39133561,2025-07-21
Tennis,38705559,2025-06-30
Football,38644816,2025-10-20
Hockey,38289121,2025-10-20
Hockey,37669991,2025-10-27
MLB,37031938,2025-09-22
Hockey,36676903,2025-11-03
MLB,36254624,2025-07-14
Football,36016196,2025-11-03
Golf,35134074,2025-08-18
Golf,34946158,2025-05-12
Football,34499937,2025-09-29
other,34496953,2025-11-17
Golf,34476947,2025-08-11
Basketball,34437460,2025-04-21
Hockey,32369303,2025-11-17
Hockey,31828396,2025-06-09
Hockey,31446424,2025-10-06
Basketball,31222406,2025-04-07
Tennis,29489787,2025-10-06
MLB,28851496,2025-09-08
Tennis,28685240,2025-09-29
MLB,28584848,2025-08-11
MLB,28227367,2025-08-18
MLB,27577974,2025-07-28
American Football,27398553,2025-08-18
MLB,27127549,2025-07-21
MLB,26100269,2025-07-07
Boxing,25599627,2025-09-08
Tennis,25531363,2025-07-21
Tennis,25416591,2025-07-28
American Football,24712974,2025-02-03
Football,24038917,2025-09-22
MLB,23563652,2025-06-30
MLB,23331662,2025-06-02
MLB,23219251,2025-09-01
UFC,23111060,2025-07-14
other,23070864,2025-11-24
Tennis,22519038,2025-08-18
MLB,22399055,2025-08-04
Tennis,21866289,2025-08-04
Hockey,21597838,2025-06-02
MLB,21506473,2025-08-25
Tennis,21080675,2025-09-22
Golf,20957428,2025-06-02
MLB,20517185,2025-06-09
Football,20511921,2025-11-17
Tennis,19517951,2025-09-08
MLB,19155657,2025-06-16
Football,18958703,2025-10-27
Football,18388963,2025-11-24
MLB,18295103,2025-06-23
Basketball,18133993,2025-04-14
Golf,18083712,2025-07-28
Football,17943235,2025-08-25
UFC,17913764,2025-08-11
Tennis,17531875,2025-08-11
UFC,16068077,2025-11-10
Tennis,15998043,2025-09-15
Football,15541814,2025-08-18
Tennis,15015560,2025-07-14
UFC,14744282,2025-06-23
Football,14050573,2025-10-13
Football,13650708,2025-11-10
Hockey,13613893,2025-05-26
UFC,13484624,2025-09-29
Eating,13381001,2025-06-30
Football,13319185,2025-08-11
Football,12820500,2025-09-08
MLB,12698683,2025-05-19
Hockey,12617758,2025-05-19
MLB,12579104,2025-05-26
other,11682990,2025-07-07
Basketball,11454650,2025-10-13
Hockey,11322785,2025-11-24
other,11097118,2025-06-30
Basketball,10574232,2025-10-06
other,10363529,2025-11-03
Hockey,9247695,2025-06-16
Basketball,9188821,2025-09-29
MLB,8655139,2025-05-12
Hockey,8421120,2025-05-12
Hockey,8412368,2025-04-28
F1,8355287,2025-07-28
Tennis,7736146,2025-06-23
other,7484665,2025-11-10
Tennis,7231390,2025-05-26
Basketball,7140103,2025-07-07
Racing,7132412,2025-05-19
MLB,7114187,2025-05-05
Football,6695118,2025-06-23
Basketball,6372949,2025-07-21
F1,6314119,2025-07-21
Hockey,6189336,2025-05-05
Esports,6084073,2025-10-27
Hockey,6054228,2025-04-21
American Football,6038178,2025-08-04
Basketball,5889869,2025-06-23
Golf,5772998,2025-05-26
Football,5600775,2025-05-26
UFC,5600597,2025-10-20
Basketball,5551758,2025-08-04
Golf,5489803,2025-11-17
Football,5291351,2025-06-30
Basketball,5162972,2025-07-28
Golf,4997824,2025-11-10
MLB,4970452,2025-04-28
Football,4863491,2025-06-16
Basketball,4674566,2025-08-11
Esports,4576636,2025-11-03
American Football,4505306,2025-08-11
Eating,4491162,2025-06-23
Basketball,4406126,2025-09-15
Golf,4307257,2025-09-29
Basketball,4253063,2025-08-18
Basketball,4225106,2025-09-01
Golf,4205900,2025-06-30
other,4059022,2025-10-27
other,4007018,2025-01-20
Basketball,3910887,2025-07-14
Golf,3867789,2025-11-03
Basketball,3834234,2025-09-22
Golf,3623564,2025-07-07
Football,3615478,2025-07-07
Golf,3559293,2025-06-23
F1,3499546,2025-11-17
Hockey,3410129,2025-09-29
MLB,3393724,2025-04-21
Basketball,3363238,2025-06-30
Tennis,3099929,2025-06-16
Basketball,3061980,2025-08-25
Golf,3046452,2025-10-20
F1,2956603,2025-08-25
Golf,2795408,2025-06-16
Tennis,2794399,2025-05-12
Basketball,2794026,2025-09-08
Golf,2584256,2025-10-06
Golf,2524256,2025-04-14
Basketball,2517833,2025-03-10
Golf,2280598,2025-09-08
F1,2125998,2025-11-03
F1,2021851,2025-10-20
Football,2010061,2025-07-14
Golf,1984769,2025-05-19
F1,1982460,2025-09-01
Golf,1965582,2025-10-27
MLB,1958588,2025-11-10
other,1951227,2025-09-22
F1,1838010,2025-10-13
other,1784830,2025-03-10
Basketball,1696345,2025-03-03
Basketball,1669113,2025-02-10
F1,1630687,2025-09-15
F1,1627379,2025-09-29
Golf,1558535,2025-03-10
other,1544701,2025-02-10
Basketball,1517057,2025-02-24
Hockey,1476737,2025-04-14
other,1476325,2025-10-20
UFC,1428568,2025-11-17
Football,1395654,2025-10-06
Tennis,1383714,2025-03-24
American Football,1350963,2025-07-28
MLB,1349027,2025-04-14
Tennis,1348393,2025-04-28
UFC,1270341,2025-06-02
other,1248065,2025-06-23
Football,1224109,2025-05-05
American Football,1216187,2025-01-27
Football,1210948,2025-07-21
Golf,1203930,2025-05-05
Golf,1180845,2025-02-17
other,1179189,2025-10-13
Basketball,1149381,2025-02-17
Golf,1117838,2025-03-31
Golf,1105481,2025-03-03
American Football,1091735,2025-01-20
Football,1057926,2025-09-01
Golf,1024216,2025-02-24
Basketball,1009289,2025-02-03
Esports,992666,2025-10-13
American Football,990092,2025-07-21
UFC,988077,2025-10-06
Football,982808,2025-06-09
Hockey,979646,2025-02-17
other,974238,2025-10-06
UFC,956280,2025-07-21
UFC,938697,2025-10-13
other,794447,2025-09-15
UFC,783469,2025-07-07
Football,771329,2025-04-07
Football,754133,2025-08-04
American Football,751544,2025-07-07
Football,748459,2025-04-14
UFC,746093,2025-06-09
UFC,732954,2025-07-28
Esports,720704,2025-10-20
other,717718,2025-09-08
Golf,709039,2025-04-28
Tennis,681602,2025-05-05
Golf,675561,2025-03-17
Golf,650859,2025-03-24
UFC,642406,2025-09-01
other,622799,2025-09-29
UFC,608585,2025-03-03
UFC,605408,2025-05-05
UFC,605371,2025-11-03
other,585874,2025-06-02
American Football,568360,2025-07-14
UFC,553881,2025-09-08
Basketball,545160,2025-01-27
F1,541040,2025-11-10
UFC,529082,2025-08-18
UFC,520785,2025-10-27
UFC,520054,2025-09-22
Football,516553,2025-03-10
Football,515724,2025-05-19
Golf,500536,2025-09-15
Hockey,497888,2025-03-03
Tennis,477252,2025-05-19
F1,471164,2025-11-24
Golf,456829,2025-11-24
Basketball,443697,2025-01-20
Football,434105,2025-05-12
Eating,418225,2025-06-16
Football,416724,2025-02-17
Boxing,383197,2025-06-23
UFC,359000,2025-04-07
MLB,341125,2025-11-03
UFC,340388,2025-06-16
Football,337920,2025-03-03
other,330661,2025-09-01
Tennis,318138,2025-03-10
F1,318100,2025-06-30
other,310899,2025-06-16
other,308670,2025-07-28
F1,301244,2025-04-28
American Football,296613,2025-06-30
American Football,285646,2025-06-23
UFC,281240,2025-08-04
F1,277953,2025-10-27
Golf,263778,2025-09-01
Football,259964,2025-02-10
other,256431,2025-05-19
Football,255392,2025-04-28
other,254947,2025-07-14
UFC,252890,2025-05-12
Tennis,249509,2025-04-07
other,243555,2025-02-17
other,229385,2025-05-05
F1,228229,2025-05-19
other,225574,2025-05-12
other,210379,2025-06-09
other,205927,2025-03-03
F1,200873,2025-05-12
UFC,194510,2025-05-26
Hockey,189019,2025-09-22
F1,183666,2025-05-26
F1,181455,2025-04-14
American Football,179757,2025-03-10
Golf,177747,2025-04-21
other,175921,2025-08-04
Golf,172686,2025-08-25
Football,171625,2025-02-24
American Football,169088,2025-06-02
MLB,168681,2025-04-07
F1,168261,2025-06-09
other,163845,2025-08-25
MLB,163276,2025-03-31
Boxing,160429,2025-04-28
other,152276,2025-08-18
American Football,147852,2025-06-16
Tennis,146376,2025-02-24
F1,145818,2025-06-23
other,141068,2025-02-03
American Football,140200,2025-02-10
other,138262,2025-08-11
American Football,137506,2025-06-09
other,137010,2025-07-21
other,137009,2025-04-21
F1,129829,2025-04-07
Football,126991,2025-06-02
MLB,118743,2025-03-24
Tennis,116958,2025-04-21
Football,116430,2025-04-21
American Football,107145,2025-05-26
other,104395,2025-04-28
Hockey,100790,2025-02-10
UFC,100574,2025-02-03
American Football,99274,2025-02-17
American Football,98192,2025-02-24
Golf,96677,2025-06-09
American Football,87412,2025-04-28
F1,84417,2025-03-17
Football,84141,2025-03-17
Football,83464,2025-02-03
Boxing,82945,2025-10-27
American Football,82923,2025-05-19
F1,81601,2025-03-31
American Football,80082,2025-05-12
Football,79004,2025-03-31
Hockey,78622,2025-01-20
other,77125,2025-02-24
MLB,74725,2025-02-17
American Football,71438,2025-04-14
American Football,66784,2025-05-05
Golf,66663,2025-02-10
Tennis,60977,2025-02-17
F1,58718,2025-10-06
Football,58190,2025-03-24
Hockey,54601,2025-04-07
other,54345,2025-03-31
Hockey,51950,2025-03-31
other,51491,2025-04-14
Boxing,51488,2025-11-24
Boxing,50615,2025-11-03
American Football,50397,2025-03-03
F1,50362,2025-03-10
Hockey,49993,2025-02-24
Hockey,49777,2025-03-10
MLB,49119,2025-02-24
Boxing,47934,2025-11-17
American Football,45365,2025-04-21
American Football,45360,2025-03-31
Golf,44766,2025-10-13
F1,44340,2025-09-22
MLB,42005,2025-02-10
Hockey,41263,2025-03-24
Tennis,39669,2025-02-10
Tennis,36568,2025-04-14
MLB,35788,2025-03-03
American Football,35543,2025-03-17
MLB,32924,2025-03-10
Hockey,28819,2025-01-27
F1,28421,2025-08-11
MLB,28107,2025-03-17
American Football,27635,2025-04-07
Hockey,26245,2025-03-17
American Football,25354,2025-03-24
other,24553,2025-04-07
Hockey,24441,2025-02-03
other,24175,2025-05-26
F1,23682,2025-03-03
F1,23675,2025-05-05
Tennis,20945,2025-03-17
F1,18766,2025-03-24
Football,18726,2025-07-28
F1,18247,2025-04-21
Golf,16111,2025-02-03
Boxing,15963,2025-06-16
other,13607,2025-03-24
F1,13471,2025-07-14
F1,12490,2025-06-16
F1,12418,2025-09-08
other,10635,2025-03-17
Boxing,10452,2025-10-20
F1,9988,2025-07-07
F1,9356,2025-02-10
Tennis,9046,2025-03-03
Tennis,8540,2025-03-31
Racing,8119,2025-05-12
Esports,7990,2025-10-06
F1,7930,2025-02-24
F1,7486,2025-02-17
Esports,6964,2025-09-29
Esports,6821,2025-06-30
Esports,5780,2025-09-22
Football,5654,2025-01-27
UFC,5623,2025-03-31
Racing,5407,2025-05-05
PRES,5335,2025-11-10
UFC,5303,2025-08-25
Esports,5216,2025-07-07
F1,5113,2025-06-02
Esports,4945,2025-09-08
F1,4857,2025-08-04
UFC,4521,2025-09-15
PRES,4449,2025-03-31
MLB,4278,2025-11-17
PRES,4251,2025-09-29
PRES,4161,2025-11-17
Tennis,4155,2025-02-03
PRES,3921,2025-10-06
F1,3587,2025-08-18
Esports,2915,2025-08-25
Esports,2270,2025-04-21
Esports,2233,2025-04-07
Esports,2172,2025-06-23
PRES,2101,2025-04-07
UFC,2086,2025-05-19
Tennis,2015,2025-01-27
UFC,1959,2025-11-24
Esports,1951,2025-02-03
Esports,1874,2025-09-15
PRES,1769,2025-04-14
Esports,1567,2025-02-17
Esports,1561,2025-02-24
PRES,1401,2025-10-13
Esports,1384,2025-05-26
Esports,1342,2025-08-18
PRES,1308,2025-11-24
PRES,1266,2025-03-24
PRES,1250,2025-10-20
PRES,1238,2025-09-15
Esports,1148,2025-06-09
Esports,1113,2025-05-19
Esports,1109,2025-04-28
Esports,1102,2025-09-01
Esports,1040,2025-06-02
Esports,1032,2025-07-28
Esports,1026,2025-03-24
PRES,1007,2025-10-27
Esports,992,2025-04-14
MLB,966,2025-11-24
Esports,904,2025-03-10
Esports,833,2025-02-10
PRES,794,2025-09-22
Esports,793,2025-08-11
Esports,669,2025-07-14
Esports,641,2025-06-16
Basketball,637,2024-12-30
Esports,617,2025-03-31
PRES,607,2025-08-25
Esports,579,2025-07-21
PRES,573,2025-09-08
PRES,532,2025-09-01
Esports,467,2025-03-03
Golf,434,2025-01-27
Esports,407,2025-01-27
PRES,379,2025-11-03
Basketball,184,2024-12-16
Esports,156,2025-08-04
Basketball,102,2025-01-06
Esports,86,2025-03-17
Esports,19,2025-05-05
UFC,18,2025-03-24
Basketball,18,2025-01-13
Esports,15,2025-05-12
Racing,0,2025-08-11
Eating,0,2025-09-01
Boxing,0,2025-08-25
Racing,0,2025-09-01
PRES,0,2025-05-05
Racing,0,2025-09-08
Boxing,0,2025-05-19
Eating,0,2025-07-21
PRES,0,2025-05-12
Hockey,0,2025-07-21
Eating,0,2025-09-15
Racing,0,2025-09-22
Hockey,0,2025-07-28
UFC,0,2025-03-10
Eating,0,2025-10-06
PRES,0,2025-08-11
Boxing,0,2025-09-15
Racing,0,2025-06-09
Hockey,0,2025-06-30
PRES,0,2025-05-19
PRES,0,2025-06-02
Eating,0,2025-11-17
PRES,0,2025-06-23
Hockey,0,2025-09-15
PRES,0,2025-07-28
Esports,0,2025-11-24
Eating,0,2025-08-04
Boxing,0,2025-07-14
Eating,0,2025-10-20
Racing,0,2025-11-24
Racing,0,2025-05-26
Racing,0,2025-08-18
Racing,0,2025-07-28
Racing,0,2025-11-17
Boxing,0,2025-05-26
Eating,0,2025-07-07
Eating,0,2025-11-24
Boxing,0,2025-06-09
Boxing,0,2025-07-21
Eating,0,2025-08-18
Racing,0,2025-10-13
PRES,0,2025-07-14
Racing,0,2025-06-30
Boxing,0,2025-10-06
Racing,0,2025-06-16
UFC,0,2025-02-24
UFC,0,2025-03-17
Boxing,0,2025-09-29
UFC,0,2025-04-14
PRES,0,2025-06-09
Esports,0,2025-11-10
Hockey,0,2025-07-14
PRES,0,2025-05-26
Hockey,0,2025-08-04
Racing,0,2025-07-07
Hockey,0,2025-09-01
Racing,0,2025-10-06
PRES,0,2025-07-07
Boxing,0,2025-06-02
Tennis,0,2025-11-17
Racing,0,2025-06-02
Racing,0,2025-10-20
Racing,0,2025-06-23
PRES,0,2025-04-21
UFC,0,2025-02-10
Eating,0,2025-10-13
UFC,0,2025-04-21
Racing,0,2025-07-14
UFC,0,2025-04-28
Eating,0,2025-08-25
Racing,0,2025-09-15
Eating,0,2025-09-29
Boxing,0,2025-05-12
Racing,0,2025-10-27
Racing,0,2025-08-04
Racing,0,2025-08-25
UFC,0,2025-02-17
Eating,0,2025-07-28
Eating,0,2025-10-27
Hockey,0,2025-07-07
PRES,0,2025-07-21
PRES,0,2025-08-18
Eating,0,2025-07-14
Boxing,0,2025-08-18
Eating,0,2025-11-10
Tennis,0,2025-11-24
Hockey,0,2025-06-23
Hockey,0,2025-08-25
Eating,0,2025-08-11
Eating,0,2025-11-03
Racing,0,2025-09-29
Boxing,0,2025-11-10
Boxing,0,2025-09-22
Boxing,0,2025-05-05
Racing,0,2025-11-03
Boxing,0,2025-07-07
PRES,0,2025-04-28
Boxing,0,2025-06-30
UFC,0,2025-06-30
Esports,0,2025-11-17
Hockey,0,2025-09-08
Boxing,0,2025-07-28
Hockey,0,2025-08-11
Racing,0,2025-11-10
Eating,0,2025-09-22
Hockey,0,2025-08-18
PRES,0,2025-06-16
Boxing,0,2025-09-01
Boxing,0,2025-10-13
Boxing,0,2025-08-04
Racing,0,2025-07-21
Basketball,0,2024-12-23
other,0,2025-01-27
PRES,0,2025-06-30
Eating,0,2025-09-08
PRES,0,2025-08-04
Boxing,0,2025-08-11
