date,trips
2020-01-06,221021
2020-01-07,228907
2020-01-08,249821
2020-01-09,264996
2020-01-10,344814
2020-01-11,368311
2020-01-12,261771
2020-01-13,254140
2020-01-14,252878
2020-01-15,271510
2020-01-16,311118
2020-01-17,339103
2020-01-18,385828
2020-01-19,318617
2020-01-20,234642
2020-01-21,254942
2020-01-22,266237
2020-01-23,293290
2020-01-24,355472
2020-01-25,375378
2020-01-26,266717
2020-01-27,242171
2020-01-28,244058
2020-01-29,255182
2020-01-30,281744
2020-01-31,341933
2020-02-01,358445
2020-02-02,290259
2020-02-03,236953
2020-02-04,248463
2020-02-05,272883
2020-02-06,298707
2020-02-07,346339
2020-02-08,373556
2020-02-09,273520
2020-02-10,246152
2020-02-11,254728
2020-02-12,279621
2020-02-13,339364
2020-02-14,434950
2020-02-15,436863
2020-02-16,335814
2020-02-17,253639
2020-02-18,253849
2020-02-19,280160
2020-02-20,317052
2020-02-21,367342
2020-02-22,383050
2020-02-23,274730
2020-02-24,248933
2020-02-25,268902
2020-02-26,290960
2020-02-27,317874
2020-02-28,381117
2020-02-29,399461
2020-03-01,288872
2020-03-02,250251
2020-03-03,256751
2020-03-04,265137
2020-03-05,290173
2020-03-06,353727
2020-03-07,371954
2020-03-08,270394
2020-03-09,254365
2020-03-10,247466
2020-03-11,252835
2020-03-12,258689
2020-03-13,294185
2020-03-14,365633
2020-03-15,200115
2020-03-16,146828
2020-03-17,103921
2020-03-18,91614
2020-03-19,86224
2020-03-20,92530
2020-03-21,70609
2020-03-22,49592
2020-03-23,51552
2020-03-24,49357
2020-03-25,50529
2020-03-26,52068
2020-03-27,59866
2020-03-28,54422
2020-03-29,45139
2020-03-30,47006
2020-03-31,44042
2020-04-01,49592
2020-04-02,49062
2020-04-03,56772
2020-04-04,50585
2020-04-05,42127
2020-04-06,43945
2020-04-07,45790
2020-04-08,45941
2020-04-09,46631
2020-04-10,53529
2020-04-11,52100
2020-04-12,44148
2020-04-13,47460
2020-04-14,47044
2020-04-15,55051
2020-04-16,55726
2020-04-17,61917
2020-04-18,56671
2020-04-19,47402
2020-04-20,53163
2020-04-21,50757
2020-04-22,50957
2020-04-23,52286
2020-04-24,59391
2020-04-25,57009
2020-04-26,47057
2020-04-27,52030
2020-04-28,52528
2020-04-29,58555
2020-04-30,58214
2020-05-01,66768
2020-05-02,65562
2020-05-03,52213
2020-05-04,56134
2020-05-05,56284
2020-05-06,56170
2020-05-07,58892
2020-05-08,67363
2020-05-09,65019
2020-05-10,56300
2020-05-11,55467
2020-05-12,54180
2020-05-13,56795
2020-05-14,61074
2020-05-15,70473
2020-05-16,67234
2020-05-17,54075
2020-05-18,57601
2020-05-19,57338
2020-05-20,59946
2020-05-21,63364
2020-05-22,73774
2020-05-23,67746
2020-05-24,60795
2020-05-25,57016
2020-05-26,61612
2020-05-27,61493
2020-05-28,65600
2020-05-29,77745
2020-05-30,77173
2020-05-31,51041
2020-06-01,51646
2020-06-02,59795
2020-06-03,65344
2020-06-04,74114
2020-06-05,88499
2020-06-06,83476
2020-06-07,66197
2020-06-08,72990
2020-06-09,75014
2020-06-10,79824
2020-06-11,88429
2020-06-12,106329
2020-06-13,112201
2020-06-14,82374
2020-06-15,77119
2020-06-16,80421
2020-06-17,86873
2020-06-18,95367
2020-06-19,119932
2020-06-20,120409
2020-06-21,83128
2020-06-22,82959
2020-06-23,85668
2020-06-24,90354
2020-06-25,102500
2020-06-26,123823
2020-06-27,133299
2020-06-28,98066
2020-06-29,90490
2020-06-30,84766
2020-07-01,102576
2020-07-02,115665
2020-07-03,132409
2020-07-04,125180
2020-07-05,94314
2020-07-06,90215
2020-07-07,94592
2020-07-08,99268
2020-07-09,108091
2020-07-10,130201
2020-07-11,141962
2020-07-12,101236
2020-07-13,91147
2020-07-14,93717
2020-07-15,103577
2020-07-16,110267
2020-07-17,133533
2020-07-18,146813
2020-07-19,99716
2020-07-20,90811
2020-07-21,93337
2020-07-22,101333
2020-07-23,110652
2020-07-24,133920
2020-07-25,146822
2020-07-26,105499
2020-07-27,89404
2020-07-28,93848
2020-07-29,100049
2020-07-30,108987
2020-07-31,130694
2020-08-01,145178
2020-08-02,103396
2020-08-03,91878
2020-08-04,93676
2020-08-05,99310
2020-08-06,109325
2020-08-07,135839
2020-08-08,152228
2020-08-09,110724
2020-08-10,84050
2020-08-11,92398
2020-08-12,99863
2020-08-13,108681
2020-08-14,133877
2020-08-15,142646
2020-08-16,104149
2020-08-17,90817
2020-08-18,91975
2020-08-19,99404
2020-08-20,110265
2020-08-21,139719
2020-08-22,155070
2020-08-23,109535
2020-08-24,94066
2020-08-25,94733
2020-08-26,102138
2020-08-27,112563
2020-08-28,141540
2020-08-29,151803
2020-08-30,110312
2020-08-31,93879
2020-09-01,98236
2020-09-02,105801
2020-09-03,118768
2020-09-04,145080
2020-09-05,158967
2020-09-06,125473
2020-09-07,97779
2020-09-08,100619
2020-09-09,98090
2020-09-10,115940
2020-09-11,141011
2020-09-12,153682
2020-09-13,118960
2020-09-14,97302
2020-09-15,101952
2020-09-16,110751
2020-09-17,121306
2020-09-18,151832
2020-09-19,167451
2020-09-20,121060
2020-09-21,99069
2020-09-22,103731
2020-09-23,111927
2020-09-24,121777
2020-09-25,151417
2020-09-26,167671
2020-09-27,120906
2020-09-28,100805
2020-09-29,101981
2020-09-30,100073
2020-10-01,122393
2020-10-02,155185
2020-10-03,169310
2020-10-04,122162
2020-10-05,100085
2020-10-06,100981
2020-10-07,108307
2020-10-08,122579
2020-10-09,156374
2020-10-10,181449
2020-10-11,127204
2020-10-12,98613
2020-10-13,100177
2020-10-14,106609
2020-10-15,121852
2020-10-16,158875
2020-10-17,179561
2020-10-18,129467
2020-10-19,102517
2020-10-20,103046
2020-10-21,109109
2020-10-22,122947
2020-10-23,157976
2020-10-24,172500
2020-10-25,115175
2020-10-26,101750
2020-10-27,103316
2020-10-28,108052
2020-10-29,123736
2020-10-30,145713
2020-10-31,169136
2020-11-01,121292
2020-11-02,95442
2020-11-03,95188
2020-11-04,93750
2020-11-05,102801
2020-11-06,132502
2020-11-07,151671
2020-11-08,105323
2020-11-09,91357
2020-11-10,90602
2020-11-11,92560
2020-11-12,101228
2020-11-13,126476
2020-11-14,129692
2020-11-15,94735
2020-11-16,88654
2020-11-17,85493
2020-11-18,88721
2020-11-19,96089
2020-11-20,112406
2020-11-21,108473
2020-11-22,80731
2020-11-23,85911
2020-11-24,96392
2020-11-25,106692
2020-11-26,76759
2020-11-27,88784
2020-11-28,95980
2020-11-29,80904
2020-11-30,88292
2020-12-01,88160
2020-12-02,91206
2020-12-03,95942
2020-12-04,116182
2020-12-05,120932
2020-12-06,87362
2020-12-07,85767
2020-12-08,87612
2020-12-09,92188
2020-12-10,100166
2020-12-11,123530
2020-12-12,125289
2020-12-13,91937
2020-12-14,90384
2020-12-15,93316
2020-12-16,99442
2020-12-17,106322
2020-12-18,127432
2020-12-19,124756
2020-12-20,92754
2020-12-21,95079
2020-12-22,100838
2020-12-23,111011
2020-12-24,104878
2020-12-25,66704
2020-12-26,90708
2020-12-27,82260
2020-12-28,91093
2020-12-29,92323
2020-12-30,110614
2020-12-31,140572
2021-01-01,102021
2021-01-02,102744
2021-01-03,85870
2021-01-04,94966
2021-01-05,93112
2021-01-06,96377
2021-01-07,101640
2021-01-08,125448
2021-01-09,132586
2021-01-10,100558
2021-01-11,95926
2021-01-12,94469
2021-01-13,99018
2021-01-14,106712
2021-01-15,129287
2021-01-16,136484
2021-01-17,104419
2021-01-18,93082
2021-01-19,94160
2021-01-20,99163
2021-01-21,108860
2021-01-22,135811
2021-01-23,146851
2021-01-24,108249
2021-01-25,95751
2021-01-26,90700
2021-01-27,106887
2021-01-28,116997
2021-01-29,141470
2021-01-30,139889
2021-01-31,70600
2021-02-01,99655
2021-02-02,106415
2021-02-03,112337
2021-02-04,113777
2021-02-05,146131
2021-02-06,149429
2021-02-07,118901
2021-02-08,97414
2021-02-09,103637
2021-02-10,111758
2021-02-11,115625
2021-02-12,138106
2021-02-13,131204
2021-02-14,120456
2021-02-15,59543
2021-02-16,58680
2021-02-17,104494
2021-02-18,108120
2021-02-19,144341
2021-02-20,160650
2021-02-21,110388
2021-02-22,103380
2021-02-23,104281
2021-02-24,106846
2021-02-25,118575
2021-02-26,146973
2021-02-27,160636
2021-02-28,102841
2021-03-01,102397
2021-03-02,102002
2021-03-03,110290
2021-03-04,120469
2021-03-05,148941
2021-03-06,167698
2021-03-07,117977
2021-03-08,102862
2021-03-09,105420
2021-03-10,110038
2021-03-11,119384
2021-03-12,152327
2021-03-13,185588
2021-03-14,122859
2021-03-15,104859
2021-03-16,105739
2021-03-17,115537
2021-03-18,120665
2021-03-19,153875
2021-03-20,169933
2021-03-21,123472
2021-03-22,106153
2021-03-23,105681
2021-03-24,111532
2021-03-25,119667
2021-03-26,146560
2021-03-27,159134
2021-03-28,120397
2021-03-29,105784
2021-03-30,106501
2021-03-31,107847
2021-04-01,127338
2021-04-02,145634
2021-04-03,159217
2021-04-04,108634
2021-04-05,105125
2021-04-06,113243
2021-04-07,121338
2021-04-08,130455
2021-04-09,148898
2021-04-10,172127
2021-04-11,113180
2021-04-12,102604
2021-04-13,106052
2021-04-14,116638
2021-04-15,122903
2021-04-16,143255
2021-04-17,169571
2021-04-18,118542
2021-04-19,104523
2021-04-20,109460
2021-04-21,114907
2021-04-22,120466
2021-04-23,143346
2021-04-24,169666
2021-04-25,121777
2021-04-26,104339
2021-04-27,112583
2021-04-28,114407
2021-04-29,121984
2021-04-30,124089
2021-05-01,159403
2021-05-02,121135
2021-05-03,104394
2021-05-04,109390
2021-05-05,121756
2021-05-06,126822
2021-05-07,145436
2021-05-08,158206
2021-05-09,114484
2021-05-10,106002
2021-05-11,110532
2021-05-12,118564
2021-05-13,125687
2021-05-14,149790
2021-05-15,173077
2021-05-16,123865
2021-05-17,106614
2021-05-18,111744
2021-05-19,121003
2021-05-20,134601
2021-05-21,158066
2021-05-22,178013
2021-05-23,127193
2021-05-24,107031
2021-05-25,113614
2021-05-26,123643
2021-05-27,131769
2021-05-28,164216
2021-05-29,182387
2021-05-30,151184
2021-05-31,99410
2021-06-01,109696
2021-06-02,117623
2021-06-03,129250
2021-06-04,157132
2021-06-05,184880
2021-06-06,133837
2021-06-07,105898
2021-06-08,110966
2021-06-09,122237
2021-06-10,135090
2021-06-11,170510
2021-06-12,185383
2021-06-13,139282
2021-06-14,106625
2021-06-15,114416
2021-06-16,123409
2021-06-17,135643
2021-06-18,166457
2021-06-19,184465
2021-06-20,124444
2021-06-21,110261
2021-06-22,119069
2021-06-23,128404
2021-06-24,141026
2021-06-25,172740
2021-06-26,193811
2021-06-27,143496
2021-06-28,112020
2021-06-29,119143
2021-06-30,114251
2021-07-01,135839
2021-07-02,160976
2021-07-03,184341
2021-07-04,152032
2021-07-05,118095
2021-07-06,114379
2021-07-07,122463
2021-07-08,138062
2021-07-09,168834
2021-07-10,200014
2021-07-11,143616
2021-07-12,115625
2021-07-13,120489
2021-07-14,131268
2021-07-15,139480
2021-07-16,166817
2021-07-17,186940
2021-07-18,136003
2021-07-19,108597
2021-07-20,114298
2021-07-21,125841
2021-07-22,139944
2021-07-23,174137
2021-07-24,194880
2021-07-25,140316
2021-07-26,113181
2021-07-27,118872
2021-07-28,134260
2021-07-29,147919
2021-07-30,173744
2021-07-31,183385
2021-08-01,148239
2021-08-02,110308
2021-08-03,110742
2021-08-04,120099
2021-08-05,135811
2021-08-06,167669
2021-08-07,196998
2021-08-08,155551
2021-08-09,118583
2021-08-10,126638
2021-08-11,127539
2021-08-12,132934
2021-08-13,161067
2021-08-14,181682
2021-08-15,136545
2021-08-16,108365
2021-08-17,111443
2021-08-18,123968
2021-08-19,139131
2021-08-20,174882
2021-08-21,187502
2021-08-22,138337
2021-08-23,105083
2021-08-24,119258
2021-08-25,129457
2021-08-26,138113
2021-08-27,172654
2021-08-28,201689
2021-08-29,142345
2021-08-30,107965
2021-08-31,101184
2021-09-01,115874
2021-09-02,132083
2021-09-03,167349
2021-09-04,201028
2021-09-05,172735
2021-09-06,114867
2021-09-07,104737
2021-09-08,110735
2021-09-09,125186
2021-09-10,170878
2021-09-11,204691
2021-09-12,157572
2021-09-13,117748
2021-09-14,120118
2021-09-15,128534
2021-09-16,135349
2021-09-17,176889
2021-09-18,209283
2021-09-19,159170
2021-09-20,115692
2021-09-21,117864
2021-09-22,130390
2021-09-23,142614
2021-09-24,182448
2021-09-25,206920
2021-09-26,149237
2021-09-27,112051
2021-09-28,110885
2021-09-29,123760
2021-09-30,126586
2021-10-01,188271
2021-10-02,224973
2021-10-03,166256
2021-10-04,127459
2021-10-05,131977
2021-10-06,141197
2021-10-07,161899
2021-10-08,195452
2021-10-09,223979
2021-10-10,158637
2021-10-11,128876
2021-10-12,130753
2021-10-13,138472
2021-10-14,155263
2021-10-15,195592
2021-10-16,227804
2021-10-17,170712
2021-10-18,128908
2021-10-19,131834
2021-10-20,137696
2021-10-21,161753
2021-10-22,197889
2021-10-23,230541
2021-10-24,177909
2021-10-25,133823
2021-10-26,133330
2021-10-27,141026
2021-10-28,165871
2021-10-29,218262
2021-10-30,252532
2021-10-31,182346
2021-11-01,132719
2021-11-02,127322
2021-11-03,141273
2021-11-04,159915
2021-11-05,197621
2021-11-06,226875
2021-11-07,165783
2021-11-08,128598
2021-11-09,132625
2021-11-10,147327
2021-11-11,167115
2021-11-12,209787
2021-11-13,246876
2021-11-14,175216
2021-11-15,141822
2021-11-16,144258
2021-11-17,156551
2021-11-18,177322
2021-11-19,207895
2021-11-20,228998
2021-11-21,173955
2021-11-22,136648
2021-11-23,140664
2021-11-24,159988
2021-11-25,114536
2021-11-26,146249
2021-11-27,181573
2021-11-28,143437
2021-11-29,143138
2021-11-30,130258
2021-12-01,153381
2021-12-02,168624
2021-12-03,215351
2021-12-04,253597
2021-12-05,187496
2021-12-06,152778
2021-12-07,160352
2021-12-08,167167
2021-12-09,186837
2021-12-10,226656
2021-12-11,259640
2021-12-12,179843
2021-12-13,138339
2021-12-14,149187
2021-12-15,163288
2021-12-16,182009
2021-12-17,207894
2021-12-18,224046
2021-12-19,163595
2021-12-20,133951
2021-12-21,130675
2021-12-22,135484
2021-12-23,135562
2021-12-24,104554
2021-12-25,67563
2021-12-26,91338
2021-12-27,109863
2021-12-28,121424
2021-12-29,133444
2021-12-30,152983
2021-12-31,163915
2022-01-01,155635
2022-01-02,110218
2022-01-03,120690
2022-01-04,115096
2022-01-05,123569
2022-01-06,135873
2022-01-07,170472
2022-01-08,183615
2022-01-09,135945
2022-01-10,123218
2022-01-11,123992
2022-01-12,125673
2022-01-13,138723
2022-01-14,187109
2022-01-15,214919
2022-01-16,164728
2022-01-17,123681
2022-01-18,123976
2022-01-19,139890
2022-01-20,161126
2022-01-21,196693
2022-01-22,223825
2022-01-23,155103
2022-01-24,118185
2022-01-25,136845
2022-01-26,149513
2022-01-27,153883
2022-01-28,179582
2022-01-29,221509
2022-01-30,158550
2022-01-31,116422
2022-02-01,136354
2022-02-02,90750
2022-02-03,141634
2022-02-04,187122
2022-02-05,232820
2022-02-06,162032
2022-02-07,136163
2022-02-08,137966
2022-02-09,145685
2022-02-10,162790
2022-02-11,202642
2022-02-12,240507
2022-02-13,183544
2022-02-14,154077
2022-02-15,141787
2022-02-16,150020
2022-02-17,142152
2022-02-18,200647
2022-02-19,237575
2022-02-20,170135
2022-02-21,130262
2022-02-22,150889
2022-02-23,160374
2022-02-24,173752
2022-02-25,202025
2022-02-26,236947
2022-02-27,168110
2022-02-28,122183
2022-03-01,146626
2022-03-02,156347
2022-03-03,175974
2022-03-04,213814
2022-03-05,240084
2022-03-06,175372
2022-03-07,148128
2022-03-08,152383
2022-03-09,164533
2022-03-10,188384
2022-03-11,247295
2022-03-12,332045
2022-03-13,192070
2022-03-14,148560
2022-03-15,156561
2022-03-16,161934
2022-03-17,186663
2022-03-18,238117
2022-03-19,252023
2022-03-20,181929
2022-03-21,137737
2022-03-22,152251
2022-03-23,165338
2022-03-24,180125
2022-03-25,223082
2022-03-26,260985
2022-03-27,190327
2022-03-28,152163
2022-03-29,154742
2022-03-30,175268
2022-03-31,166264
2022-04-01,219908
2022-04-02,255977
2022-04-03,176904
2022-04-04,145629
2022-04-05,154268
2022-04-06,168195
2022-04-07,187060
2022-04-08,224381
2022-04-09,247950
2022-04-10,181242
2022-04-11,141067
2022-04-12,147774
2022-04-13,162541
2022-04-14,175449
2022-04-15,207135
2022-04-16,223844
2022-04-17,156437
2022-04-18,147874
2022-04-19,155224
2022-04-20,171590
2022-04-21,179566
2022-04-22,225993
2022-04-23,243100
2022-04-24,179036
2022-04-25,150541
2022-04-26,157100
2022-04-27,174327
2022-04-28,189976
2022-04-29,223467
2022-04-30,227896
2022-05-01,179649
2022-05-02,148711
2022-05-03,166329
2022-05-04,166820
2022-05-05,191637
2022-05-06,223904
2022-05-07,236734
2022-05-08,169719
2022-05-09,149476
2022-05-10,157579
2022-05-11,168181
2022-05-12,180053
2022-05-13,216242
2022-05-14,239312
2022-05-15,180747
2022-05-16,148047
2022-05-17,154822
2022-05-18,174229
2022-05-19,183004
2022-05-20,233016
2022-05-21,263933
2022-05-22,203593
2022-05-23,167247
2022-05-24,164401
2022-05-25,170584
2022-05-26,178279
2022-05-27,219561
2022-05-28,242987
2022-05-29,215841
2022-05-30,155201
2022-05-31,139505
2022-06-01,163301
2022-06-02,182927
2022-06-03,226857
2022-06-04,252981
2022-06-05,191746
2022-06-06,161017
2022-06-07,166963
2022-06-08,183856
2022-06-09,189747
2022-06-10,217158
2022-06-11,244007
2022-06-12,190376
2022-06-13,165108
2022-06-14,181064
2022-06-15,184786
2022-06-16,194147
2022-06-17,220917
2022-06-18,240255
2022-06-19,179212
2022-06-20,148088
2022-06-21,162583
2022-06-22,169534
2022-06-23,185307
2022-06-24,226231
2022-06-25,254392
2022-06-26,200480
2022-06-27,150632
2022-06-28,157263
2022-06-29,166255
2022-06-30,165757
2022-07-01,211547
2022-07-02,232766
2022-07-03,208716
2022-07-04,141849
2022-07-05,140783
2022-07-06,148076
2022-07-07,167986
2022-07-08,212956
2022-07-09,243760
2022-07-10,198897
2022-07-11,160250
2022-07-12,167685
2022-07-13,175578
2022-07-14,188859
2022-07-15,235847
2022-07-16,257418
2022-07-17,199790
2022-07-18,155211
2022-07-19,161282
2022-07-20,175967
2022-07-21,190718
2022-07-22,230074
2022-07-23,261396
2022-07-24,199439
2022-07-25,162092
2022-07-26,169585
2022-07-27,182761
2022-07-28,197526
2022-07-29,231579
2022-07-30,259483
2022-07-31,190247
2022-08-01,153774
2022-08-02,154892
2022-08-03,169946
2022-08-04,191995
2022-08-05,232471
2022-08-06,267126
2022-08-07,195570
2022-08-08,161037
2022-08-09,155701
2022-08-10,169541
2022-08-11,182470
2022-08-12,219677
2022-08-13,244633
2022-08-14,185752
2022-08-15,159714
2022-08-16,162927
2022-08-17,168994
2022-08-18,186339
2022-08-19,228765
2022-08-20,261419
2022-08-21,195367
2022-08-22,154661
2022-08-23,161336
2022-08-24,174392
2022-08-25,192609
2022-08-26,218624
2022-08-27,247526
2022-08-28,184525
2022-08-29,150425
2022-08-30,152580
2022-08-31,146389
2022-09-01,181137
2022-09-02,223848
2022-09-03,256515
2022-09-04,214988
2022-09-05,145954
2022-09-06,149316
2022-09-07,156939
2022-09-08,179321
2022-09-09,224042
2022-09-10,254705
2022-09-11,200545
2022-09-12,161181
2022-09-13,163315
2022-09-14,177759
2022-09-15,190979
2022-09-16,216968
2022-09-17,240846
2022-09-18,190117
2022-09-19,153077
2022-09-20,156422
2022-09-21,171174
2022-09-22,186440
2022-09-23,228436
2022-09-24,263075
2022-09-25,199225
2022-09-26,150881
2022-09-27,161728
2022-09-28,176915
2022-09-29,197939
2022-09-30,223005
2022-10-01,278737
2022-10-02,205085
2022-10-03,157212
2022-10-04,159518
2022-10-05,172465
2022-10-06,196491
2022-10-07,258934
2022-10-08,289106
2022-10-09,213480
2022-10-10,168834
2022-10-11,188189
2022-10-12,197158
2022-10-13,220925
2022-10-14,255104
2022-10-15,279251
2022-10-16,207907
2022-10-17,175478
2022-10-18,178689
2022-10-19,189880
2022-10-20,205960
2022-10-21,243289
2022-10-22,278049
2022-10-23,209989
2022-10-24,173562
2022-10-25,193024
2022-10-26,190922
2022-10-27,204884
2022-10-28,257322
2022-10-29,309674
2022-10-30,223795
2022-10-31,145809
2022-11-01,170117
2022-11-02,175447
2022-11-03,199485
2022-11-04,246318
2022-11-05,281277
2022-11-06,207855
2022-11-07,169622
2022-11-08,170064
2022-11-09,183833
2022-11-10,207349
2022-11-11,256474
2022-11-12,292428
2022-11-13,213990
2022-11-14,175983
2022-11-15,192232
2022-11-16,200974
2022-11-17,219291
2022-11-18,257741
2022-11-19,270769
2022-11-20,194417
2022-11-21,160942
2022-11-22,164476
2022-11-23,180106
2022-11-24,133197
2022-11-25,162302
2022-11-26,197055
2022-11-27,163672
2022-11-28,169158
2022-11-29,178202
2022-11-30,178834
2022-12-01,215642
2022-12-02,250248
2022-12-03,297099
2022-12-04,206244
2022-12-05,169074
2022-12-06,180419
2022-12-07,197848
2022-12-08,226653
2022-12-09,271198
2022-12-10,286098
2022-12-11,202833
2022-12-12,170167
2022-12-13,184394
2022-12-14,212028
2022-12-15,230382
2022-12-16,267828
2022-12-17,290668
2022-12-18,214029
2022-12-19,170274
2022-12-20,177586
2022-12-21,187665
2022-12-22,154784
2022-12-23,151791
2022-12-24,143512
2022-12-25,97753
2022-12-26,126439
2022-12-27,155747
2022-12-28,166318
2022-12-29,179685
2022-12-30,217663
2022-12-31,243890
2023-01-01,214296
2023-01-02,132685
2023-01-03,148397
2023-01-04,155057
2023-01-05,170869
2023-01-06,212249
2023-01-07,237176
2023-01-08,178312
2023-01-09,159115
2023-01-10,162789
2023-01-11,171112
2023-01-12,196131
2023-01-13,248241
2023-01-14,273314
2023-01-15,212130
2023-01-16,156565
2023-01-17,172212
2023-01-18,184650
2023-01-19,202488
2023-01-20,245767
2023-01-21,272924
2023-01-22,196544
2023-01-23,171460
2023-01-24,176299
2023-01-25,189844
2023-01-26,214808
2023-01-27,256851
2023-01-28,274108
2023-01-29,201231
2023-01-30,179993
2023-01-31,194080
2023-02-01,199439
2023-02-02,216280
2023-02-03,266431
2023-02-04,280027
2023-02-05,197340
2023-02-06,170293
2023-02-07,180852
2023-02-08,189148
2023-02-09,216280
2023-02-10,256258
2023-02-11,277544
2023-02-12,214005
2023-02-13,172307
2023-02-14,198089
2023-02-15,198810
2023-02-16,221605
2023-02-17,262208
2023-02-18,284010
2023-02-19,210086
2023-02-20,162273
2023-02-21,187351
2023-02-22,216723
2023-02-23,229801
2023-02-24,266395
2023-02-25,293442
2023-02-26,206515
2023-02-27,177161
2023-02-28,186540
2023-03-01,195576
2023-03-02,219624
2023-03-03,259137
2023-03-04,282490
2023-03-05,207879
2023-03-06,182180
2023-03-07,187694
2023-03-08,204609
2023-03-09,227848
2023-03-10,283086
2023-03-11,360118
2023-03-12,215720
2023-03-13,183037
2023-03-14,190610
2023-03-15,201714
2023-03-16,225551
2023-03-17,294816
2023-03-18,334043
2023-03-19,227177
2023-03-20,189451
2023-03-21,197110
2023-03-22,206463
2023-03-23,217440
2023-03-24,256323
2023-03-25,283431
2023-03-26,212078
2023-03-27,175984
2023-03-28,182620
2023-03-29,199918
2023-03-30,222924
2023-03-31,257907
2023-04-01,301214
2023-04-02,214547
2023-04-03,175508
2023-04-04,184805
2023-04-05,194525
2023-04-06,211521
2023-04-07,250072
2023-04-08,262880
2023-04-09,193816
2023-04-10,170805
2023-04-11,182707
2023-04-12,199545
2023-04-13,219822
2023-04-14,261853
2023-04-15,288440
2023-04-16,217550
2023-04-17,199985
2023-04-18,197758
2023-04-19,210059
2023-04-20,224114
2023-04-21,252548
2023-04-22,284667
2023-04-23,210308
2023-04-24,177435
2023-04-25,193538
2023-04-26,203194
2023-04-27,225383
2023-04-28,263982
2023-04-29,295894
2023-04-30,220508
2023-05-01,190879
2023-05-02,189837
2023-05-03,205104
2023-05-04,225318
2023-05-05,279944
2023-05-06,302647
2023-05-07,232030
2023-05-08,197422
2023-05-09,192406
2023-05-10,204951
2023-05-11,218986
2023-05-12,265206
2023-05-13,277847
2023-05-14,204447
2023-05-15,183898
2023-05-16,196777
2023-05-17,210976
2023-05-18,226110
2023-05-19,277949
2023-05-20,295100
2023-05-21,236506
2023-05-22,198441
2023-05-23,199499
2023-05-24,208204
2023-05-25,221332
2023-05-26,262894
2023-05-27,281848
2023-05-28,250043
2023-05-29,173728
2023-05-30,179874
2023-05-31,195503
2023-06-01,229998
2023-06-02,283952
2023-06-03,313184
2023-06-04,248867
2023-06-05,197008
2023-06-06,202580
2023-06-07,214063
2023-06-08,227861
2023-06-09,262609
2023-06-10,301934
2023-06-11,239154
2023-06-12,192848
2023-06-13,222234
2023-06-14,210735
2023-06-15,230942
2023-06-16,264923
2023-06-17,290776
2023-06-18,215945
2023-06-19,168369
2023-06-20,182779
2023-06-21,202353
2023-06-22,224590
2023-06-23,266427
2023-06-24,298609
2023-06-25,234318
2023-06-26,184633
2023-06-27,194258
2023-06-28,202019
2023-06-29,218119
2023-06-30,246876
2023-07-01,262861
2023-07-02,217790
2023-07-03,189640
2023-07-04,182324
2023-07-05,188358
2023-07-06,196725
2023-07-07,241304
2023-07-08,271146
2023-07-09,215431
2023-07-10,181356
2023-07-11,192928
2023-07-12,210287
2023-07-13,232273
2023-07-14,283111
2023-07-15,304113
2023-07-16,238640
2023-07-17,193529
2023-07-18,200005
2023-07-19,211817
2023-07-20,234801
2023-07-21,277516
2023-07-22,312376
2023-07-23,242961
2023-07-24,192321
2023-07-25,200411
2023-07-26,217584
2023-07-27,234837
2023-07-28,278108
2023-07-29,301697
2023-07-30,228300
2023-07-31,181460
2023-08-01,194032
2023-08-02,219089
2023-08-03,246893
2023-08-04,280303
2023-08-05,310266
2023-08-06,245257
2023-08-07,192792
2023-08-08,189224
2023-08-09,204566
2023-08-10,225822
2023-08-11,271188
2023-08-12,304910
2023-08-13,228576
2023-08-14,199579
2023-08-15,200272
2023-08-16,208582
2023-08-17,227561
2023-08-18,266844
2023-08-19,302846
2023-08-20,234198
2023-08-21,181800
2023-08-22,189822
2023-08-23,215703
2023-08-24,240691
2023-08-25,260008
2023-08-26,290310
2023-08-27,221223
2023-08-28,180355
2023-08-29,185289
2023-08-30,199026
2023-08-31,219812
2023-09-01,261847
2023-09-02,297066
2023-09-03,265187
2023-09-04,188809
2023-09-05,188181
2023-09-06,201996
2023-09-07,221702
2023-09-08,276035
2023-09-09,298406
2023-09-10,241998
2023-09-11,207566
2023-09-12,201364
2023-09-13,210261
2023-09-14,230167
2023-09-15,262211
2023-09-16,274000
2023-09-17,223469
2023-09-18,190012
2023-09-19,212232
2023-09-20,213476
2023-09-21,235358
2023-09-22,274435
2023-09-23,297537
2023-09-24,228841
2023-09-25,189093
2023-09-26,204465
2023-09-27,212269
2023-09-28,236618
2023-09-29,276414
2023-09-30,309621
2023-10-01,240534
2023-10-02,196894
2023-10-03,206498
2023-10-04,219841
2023-10-05,239800
2023-10-06,290108
2023-10-07,315932
2023-10-08,232058
2023-10-09,196285
2023-10-10,209168
2023-10-11,231288
2023-10-12,252057
2023-10-13,295159
2023-10-14,321034
2023-10-15,240729
2023-10-16,199098
2023-10-17,200530
2023-10-18,219381
2023-10-19,244477
2023-10-20,281888
2023-10-21,311115
2023-10-22,238189
2023-10-23,194491
2023-10-24,203509
2023-10-25,218844
2023-10-26,242935
2023-10-27,300472
2023-10-28,353720
2023-10-29,262170
2023-10-30,187078
2023-10-31,204133
2023-11-01,218807
2023-11-02,233070
2023-11-03,280348
2023-11-04,307935
2023-11-05,232891
2023-11-06,196813
2023-11-07,209875
2023-11-08,228259
2023-11-09,248751
2023-11-10,284667
2023-11-11,311281
2023-11-12,234842
2023-11-13,201093
2023-11-14,212481
2023-11-15,224089
2023-11-16,244678
2023-11-17,282911
2023-11-18,293742
2023-11-19,219540
2023-11-20,188307
2023-11-21,200415
2023-11-22,223517
2023-11-23,172970
2023-11-24,196550
2023-11-25,238232
2023-11-26,198953
2023-11-27,215383
2023-11-28,228837
2023-11-29,229109
2023-11-30,244382
2023-12-01,305493
2023-12-02,323275
2023-12-03,237451
2023-12-04,200069
2023-12-05,222812
2023-12-06,237557
2023-12-07,261530
2023-12-08,305438
2023-12-09,338332
2023-12-10,246429
2023-12-11,198001
2023-12-12,216473
2023-12-13,235985
2023-12-14,260239
2023-12-15,302540
2023-12-16,335327
2023-12-17,233295
2023-12-18,197701
2023-12-19,216881
2023-12-20,223634
2023-12-21,237639
2023-12-22,260705
2023-12-23,226208
2023-12-24,166068
2023-12-25,108847
2023-12-26,149862
2023-12-27,178223
2023-12-28,207812
2023-12-29,246245
2023-12-30,261365
2023-12-31,255721
2024-01-01,226516
2024-01-02,167624
2024-01-03,178578
2024-01-04,190706
2024-01-05,229119
2024-01-06,249338
2024-01-07,192421
2024-01-08,183876
2024-01-09,196309
2024-01-10,207190
2024-01-11,231091
2024-01-12,219122
2024-01-13,280622
2024-01-14,234743
2024-01-15,197907
2024-01-16,217312
2024-01-17,234017
2024-01-18,244407
2024-01-19,287498
2024-01-20,314656
2024-01-21,247694
2024-01-22,225649
2024-01-23,228125
2024-01-24,230887
2024-01-25,245006
2024-01-26,280405
2024-01-27,294392
2024-01-28,215406
2024-01-29,189869
2024-01-30,204325
2024-01-31,196926
2024-02-01,240144
2024-02-02,282088
2024-02-03,305312
2024-02-04,215450
2024-02-05,193626
2024-02-06,208414
2024-02-07,216780
2024-02-08,242443
2024-02-09,274626
2024-02-10,295208
2024-02-11,233451
2024-02-12,192306
2024-02-13,211423
2024-02-14,239037
2024-02-15,245232
2024-02-16,289186
2024-02-17,329348
2024-02-18,235297
2024-02-19,183869
2024-02-20,202878
2024-02-21,226422
2024-02-22,251953
2024-02-23,309000
2024-02-24,325995
2024-02-25,230608
2024-02-26,200217
2024-02-27,214541
2024-02-28,242102
2024-02-29,227146
2024-03-01,292013
2024-03-02,311380
2024-03-03,225047
2024-03-04,198690
2024-03-05,221814
2024-03-06,234024
2024-03-07,251423
2024-03-08,306807
2024-03-09,313095
2024-03-10,229496
2024-03-11,205825
2024-03-12,211692
2024-03-13,228753
2024-03-14,267276
2024-03-15,318267
2024-03-16,415963
2024-03-17,274058
2024-03-18,222343
2024-03-19,219972
2024-03-20,232599
2024-03-21,255149
2024-03-22,295074
2024-03-23,313343
2024-03-24,235166
2024-03-25,204728
2024-03-26,215702
2024-03-27,227154
2024-03-28,248870
2024-03-29,282686
2024-03-30,295986
2024-03-31,200987
2024-04-01,211806
2024-04-02,220709
2024-04-03,239391
2024-04-04,255694
2024-04-05,291763
2024-04-06,311719
2024-04-07,234517
2024-04-08,200745
2024-04-09,217365
2024-04-10,224563
2024-04-11,254532
2024-04-12,290458
2024-04-13,316175
2024-04-14,240408
2024-04-15,198620
2024-04-16,212048
2024-04-17,230366
2024-04-18,251508
2024-04-19,291963
2024-04-20,323755
2024-04-21,226524
2024-04-22,191255
2024-04-23,205957
2024-04-24,232838
2024-04-25,255577
2024-04-26,293387
2024-04-27,313507
2024-04-28,228193
2024-04-29,198323
2024-04-30,192150
2024-05-01,222899
2024-05-02,248022
2024-05-03,292706
2024-05-04,326036
2024-05-05,244092
2024-05-06,208916
2024-05-07,225466
2024-05-08,229274
2024-05-09,256496
2024-05-10,281392
2024-05-11,298673
2024-05-12,222190
2024-05-13,206145
2024-05-14,218459
2024-05-15,232395
2024-05-16,256018
2024-05-17,302452
2024-05-18,327222
2024-05-19,256743
2024-05-20,215960
2024-05-21,228552
2024-05-22,230868
2024-05-23,244744
2024-05-24,278722
2024-05-25,304373
2024-05-26,260073
2024-05-27,185589
2024-05-28,198822
2024-05-29,208478
2024-05-30,240587
2024-05-31,266204
2024-06-01,340081
2024-06-02,260334
2024-06-03,213793
2024-06-04,220786
2024-06-05,232329
2024-06-06,245803
2024-06-07,286160
2024-06-08,325555
2024-06-09,260414
2024-06-10,208400
2024-06-11,213636
2024-06-12,227991
2024-06-13,247194
2024-06-14,284882
2024-06-15,306869
2024-06-16,227099
2024-06-17,199138
2024-06-18,215319
2024-06-19,230178
2024-06-20,244562
2024-06-21,287457
2024-06-22,330462
2024-06-23,253409
2024-06-24,213700
2024-06-25,224243
2024-06-26,229352
2024-06-27,241215
2024-06-28,286019
2024-06-29,311807
2024-06-30,224729
2024-07-01,188486
2024-07-02,191123
2024-07-03,227439
2024-07-04,226943
2024-07-05,239490
2024-07-06,255190
2024-07-07,216900
2024-07-08,194600
2024-07-09,209687
2024-07-10,222461
2024-07-11,243671
2024-07-12,287880
2024-07-13,332649
2024-07-14,268751
2024-07-15,218906
2024-07-16,220144
2024-07-17,227036
2024-07-18,246353
2024-07-19,290756
2024-07-20,327768
2024-07-21,251606
2024-07-22,206745
2024-07-23,222310
2024-07-24,230957
2024-07-25,242713
2024-07-26,287720
2024-07-27,323687
2024-07-28,240762
2024-07-29,203196
2024-07-30,218176
2024-07-31,223474
2024-08-01,275837
2024-08-02,304144
2024-08-03,332369
2024-08-04,269158
2024-08-05,211722
2024-08-06,209766
2024-08-07,226043
2024-08-08,244977
2024-08-09,290192
2024-08-10,327324
2024-08-11,245640
2024-08-12,201575
2024-08-13,208225
2024-08-14,222110
2024-08-15,245709
2024-08-16,286186
2024-08-17,308962
2024-08-18,234405
2024-08-19,204345
2024-08-20,215825
2024-08-21,230195
2024-08-22,246149
2024-08-23,282292
2024-08-24,308916
2024-08-25,241137
2024-08-26,205486
2024-08-27,218716
2024-08-28,224810
2024-08-29,248191
2024-08-30,294987
2024-08-31,282995
2024-09-01,275577
2024-09-02,194478
2024-09-03,193223
2024-09-04,201322
2024-09-05,232118
2024-09-06,281041
2024-09-07,307113
2024-09-08,248762
2024-09-09,203698
2024-09-10,214916
2024-09-11,225936
2024-09-12,245831
2024-09-13,281565
2024-09-14,300743
2024-09-15,231931
2024-09-16,206933
2024-09-17,212665
2024-09-18,228469
2024-09-19,245407
2024-09-20,292121
2024-09-21,319310
2024-09-22,255688
2024-09-23,208512
2024-09-24,230209
2024-09-25,232408
2024-09-26,253595
2024-09-27,296542
2024-09-28,320343
2024-09-29,252178
2024-09-30,205684
2024-10-01,211002
2024-10-02,214972
2024-10-03,238310
2024-10-04,288709
2024-10-05,326039
2024-10-06,252201
2024-10-07,210445
2024-10-08,215584
2024-10-09,226424
2024-10-10,249710
2024-10-11,296272
2024-10-12,330928
2024-10-13,248632
2024-10-14,210894
2024-10-15,236406
2024-10-16,232937
2024-10-17,257045
2024-10-18,301828
2024-10-19,318683
2024-10-20,242030
2024-10-21,207112
2024-10-22,216379
2024-10-23,235627
2024-10-24,259692
2024-10-25,310919
2024-10-26,360713
2024-10-27,267722
2024-10-28,204488
2024-10-29,207888
2024-10-30,220519
2024-10-31,229574
2024-11-01,309696
2024-11-02,329412
2024-11-03,256915
2024-11-04,215672
2024-11-05,226218
2024-11-06,228677
2024-11-07,244377
2024-11-08,290947
2024-11-09,326473
2024-11-10,252526
2024-11-11,205832
2024-11-12,219929
2024-11-13,246694
2024-11-14,259646
2024-11-15,308762
2024-11-16,344176
2024-11-17,263337
2024-11-18,232770
2024-11-19,228140
2024-11-20,247063
2024-11-21,247801
2024-11-22,281168
2024-11-23,294292
2024-11-24,226402
2024-11-25,190935
2024-11-26,210379
2024-11-27,232215
2024-11-28,186682
2024-11-29,230292
2024-11-30,247632
2024-12-01,232068
2024-12-02,239219
2024-12-03,247799
2024-12-04,262813
2024-12-05,278925
2024-12-06,326840
2024-12-07,349805
2024-12-08,248620
2024-12-09,207978
2024-12-10,229679
2024-12-11,257387
2024-12-12,292097
2024-12-13,316371
2024-12-14,346276
2024-12-15,243244
2024-12-16,210038
2024-12-17,231389
2024-12-18,252865
2024-12-19,273350
2024-12-20,305180
2024-12-21,314698
2024-12-22,233396
2024-12-23,198085
2024-12-24,172981
2024-12-25,124130
2024-12-26,180911
2024-12-27,228420
2024-12-28,243810
2024-12-29,222300
2024-12-30,215900
2024-12-31,277320
2025-01-01,253289
2025-01-02,189526
2025-01-03,238755
2025-01-04,261089
2025-01-05,204814
2025-01-06,195385
2025-01-07,203223
2025-01-08,220642
2025-01-09,238514
2025-01-10,275654
2025-01-11,296508
2025-01-12,217432
2025-01-13,217287
2025-01-14,225214
2025-01-15,247919
2025-01-16,253249
2025-01-17,289829
2025-01-18,315838
2025-01-19,253166
2025-01-20,209649
2025-01-21,232626
2025-01-22,243731
2025-01-23,257753
2025-01-24,304902
2025-01-25,311222
2025-01-26,231280
2025-01-27,211604
2025-01-28,216179
2025-01-29,228056
2025-01-30,254422
2025-01-31,308533
2025-02-01,318062
2025-02-02,227145
2025-02-03,207740
2025-02-04,228551
2025-02-05,240727
2025-02-06,258163
2025-02-07,300167
2025-02-08,318213
2025-02-09,258399
2025-02-10,217472
2025-02-11,234707
2025-02-12,220371
2025-02-13,275670
2025-02-14,317296
2025-02-15,321435
2025-02-16,245027
2025-02-17,215851
2025-02-18,244241
2025-02-19,254976
2025-02-20,275537
2025-02-21,314819
2025-02-22,332978
2025-02-23,236496
2025-02-24,213146
2025-02-25,221368
2025-02-26,241575
2025-02-27,253133
2025-02-28,295310
2025-03-01,331126
2025-03-02,239511
2025-03-03,221447
2025-03-04,237373
2025-03-05,256066
2025-03-06,266934
2025-03-07,302484
2025-03-08,315063
2025-03-09,230291
2025-03-10,213801
2025-03-11,226578
2025-03-12,237895
2025-03-13,264503
2025-03-14,329578
2025-03-15,409133
2025-03-16,279657
2025-03-17,233791
2025-03-18,224034
2025-03-19,237237
2025-03-20,249760
2025-03-21,283684
2025-03-22,301948
2025-03-23,227866
2025-03-24,202519
2025-03-25,207401
2025-03-26,221404
2025-03-27,243205
2025-03-28,289975
2025-03-29,319168
2025-03-30,226470
2025-03-31,207128
2025-04-01,222756
2025-04-02,240183
2025-04-03,255211
2025-04-04,302374
2025-04-05,316368
2025-04-06,229763
2025-04-07,218353
2025-04-08,222410
2025-04-09,241251
2025-04-10,258900
2025-04-11,297247
2025-04-12,319568
2025-04-13,234930
2025-04-14,203663
2025-04-15,218344
2025-04-16,231773
2025-04-17,256172
2025-04-18,286733
2025-04-19,296110
2025-04-20,221476
2025-04-21,205050
2025-04-22,220672
2025-04-23,237047
2025-04-24,261144
2025-04-25,312292
2025-04-26,326306
2025-04-27,245297
2025-04-28,219843
2025-04-29,222184
2025-04-30,210355
2025-05-01,254503
2025-05-02,293635
2025-05-03,327199
2025-05-04,259676
2025-05-05,231778
2025-05-06,228642
2025-05-07,241699
2025-05-08,255953
2025-05-09,288070
2025-05-10,306771
2025-05-11,224724
2025-05-12,216354
2025-05-13,222895
2025-05-14,241572
2025-05-15,270521
2025-05-16,314834
2025-05-17,330612
2025-05-18,266844
2025-05-19,228878
2025-05-20,232082
2025-05-21,235696
2025-05-22,249750
2025-05-23,287815
2025-05-24,305445
2025-05-25,259651
2025-05-26,191750
2025-05-27,205459
2025-05-28,228025
2025-05-29,252011
2025-05-30,309321
2025-05-31,322319
2025-06-01,255770
2025-06-02,213059
2025-06-03,219405
2025-06-04,241946
2025-06-05,251661
2025-06-06,288579
2025-06-07,318638
2025-06-08,254648
2025-06-09,220002
2025-06-10,223706
2025-06-11,243160
2025-06-12,256864
2025-06-13,293297
2025-06-14,305263
2025-06-15,237736
2025-06-16,211254
2025-06-17,226453
2025-06-18,254962
2025-06-19,261837
2025-06-20,308036
2025-06-21,345061
2025-06-22,267651
2025-06-23,217845
2025-06-24,218939
2025-06-25,233789
2025-06-26,258729
2025-06-27,294367
2025-06-28,315008
2025-06-29,251335
2025-06-30,200825
2025-07-01,206813
2025-07-02,224958
2025-07-03,248261
2025-07-04,269869
2025-07-05,274897
2025-07-06,214733
2025-07-07,200863
2025-07-08,217743
2025-07-09,227302
2025-07-10,261052
2025-07-11,304381
2025-07-12,334540
2025-07-13,261654
2025-07-14,220477
2025-07-15,230893
2025-07-16,244375
2025-07-17,268585
2025-07-18,313228
2025-07-19,348820
2025-07-20,264048
2025-07-21,226476
2025-07-22,231616
2025-07-23,256310
2025-07-24,262809
2025-07-25,305175
2025-07-26,334994
2025-07-27,265369
2025-07-28,228439
2025-07-29,237825
2025-07-30,271185
2025-07-31,279804
2025-08-01,320764
2025-08-02,342106
2025-08-03,270534
2025-08-04,221406
2025-08-05,221449
2025-08-06,234822
2025-08-07,260345
2025-08-08,311350
2025-08-09,344106
2025-08-10,266821
2025-08-11,228260
2025-08-12,223305
2025-08-13,235044
2025-08-14,254478
2025-08-15,309638
2025-08-16,339172
2025-08-17,255601
2025-08-18,221181
2025-08-19,228224
2025-08-20,229223
2025-08-21,248455
2025-08-22,287543
2025-08-23,320448
2025-08-24,238493
2025-08-25,202647
2025-08-26,201955
2025-08-27,228575
2025-08-28,262300
2025-08-29,304363
2025-08-30,325076
2025-08-31,279059
2025-09-01,207249
2025-09-02,202229
2025-09-03,213247
2025-09-04,232007
2025-09-05,281794
2025-09-06,306306
2025-09-07,244550
2025-09-08,222468
2025-09-09,220922
2025-09-10,231272
2025-09-11,247611
2025-09-12,287053
2025-09-13,314097
2025-09-14,244710
2025-09-15,216258
2025-09-16,219959
2025-09-17,237932
2025-09-18,263707
2025-09-19,301815
2025-09-20,334019
2025-09-21,255288
2025-09-22,214302
2025-09-23,216515
2025-09-24,223970
2025-09-25,253433
2025-09-26,294223
2025-09-27,322906
2025-09-28,253901
2025-09-29,215736
2025-09-30,215840
2025-10-01,222077
2025-10-02,246125
2025-10-03,290131
2025-10-04,314806
2025-10-05,245568
2025-10-06,217521
2025-10-07,224546
2025-10-08,238184
2025-10-09,261948
2025-10-10,306096
2025-10-11,329283
2025-10-12,251382
2025-10-13,215661
2025-10-14,234312
2025-10-15,248697
2025-10-16,265171
2025-10-17,302099
2025-10-18,330814
2025-10-19,261920
2025-10-20,220775
2025-10-21,231592
2025-10-22,238423
2025-10-23,257343
2025-10-24,302736
2025-10-25,337219
2025-10-26,257049
2025-10-27,221519
2025-10-28,226072
2025-10-29,237949
2025-10-30,262763
2025-10-31,352373
